<?xml version="1.0" ?>
<ram-component manifest-version="2.0.01" name="JDK" version="8" release="66" clevel="6" modelioVersion="3.6.00">
  <description><![CDATA[<p>JDK 1.8.00_66 for Modelio 3.6</p>
]]></description>
  <dependencies></dependencies>
  <contributors>
    <contributor name="JavaDesigner" version="3.6.00"/>
    <contributor name="ModelerModule" version="8.7.09"/>
  </contributors>
  <metamodels>
    <metamodel name="Infrastructure" version="2.0.00"/>
    <metamodel name="Standard" version="2.0.00"/>
  </metamodels>
  <roots>
    <root metaclass="Standard.Project" name="JDK" uuid="416a3f09-a99d-4625-9fe7-2b632d20310e"/>
  </roots>
</ram-component>